[
{
   "model": "undergraduate_admission.registrationstatus",
   "pk": 1,
   "fields": {
      "status_ar": "\u062a\u0645 \u0627\u0644\u062a\u0642\u062f\u064a\u0645 \u0628\u0646\u062c\u0627\u062d",
      "status_en": "Application submitted successfully",
      "status_code": "APPLIED"
   }
},
{
   "model": "undergraduate_admission.registrationstatus",
   "pk": 2,
   "fields": {
      "status_ar": "\u0645\u0631\u0634\u062d \u0644\u0644\u0642\u0628\u0648\u0644",
      "status_en": "Partially admitted",
      "status_code": "PARTIALLY-ADMITTED"
   }
},
{
   "model": "undergraduate_admission.registrationstatus",
   "pk": 3,
   "fields": {
      "status_ar": "\u063a\u064a\u0631 \u0645\u0642\u0628\u0648\u0644",
      "status_en": "Not Admitted",
      "status_code": "REJECTED"
   }
},
{
   "model": "undergraduate_admission.registrationstatus",
   "pk": 4,
   "fields": {
      "status_ar": "\u0645\u0642\u0628\u0648\u0644",
      "status_en": "Admitted",
      "status_code": "ADMITTED"
   }
},
{
   "model": "undergraduate_admission.registrationstatus",
   "pk": 5,
   "fields": {
      "status_ar": "\u0645\u0646\u0633\u062d\u0628",
      "status_en": "Withdrawn",
      "status_code": "WITHDRAWN"
   }
},
{
   "model": "undergraduate_admission.registrationstatusmessage",
   "pk": 1,
   "fields": {
      "status_message_ar": "\u0633\u064a\u062a\u0645 \u0627\u0644\u0625\u0639\u0644\u0627\u0646 \u0639\u0646 \u0627\u0644\u0646\u062a\u0627\u0626\u062c \u064a\u0648\u0645 \u0627\u0644\u0623\u0631\u0628\u0639\u0627\u0621 10 \u0631\u0645\u0636\u0627\u0646 1437\u0647\u0640 \u0627\u0644\u0645\u0648\u0627\u0641\u0642 15 \u064a\u0648\u0646\u064a\u0648 2016 \u0645.",
      "status_message_en": "Results will be announced on Wednesday 15 June 2016.",
      "status": 1
   }
},
{
   "model": "undergraduate_admission.registrationstatusmessage",
   "pk": 2,
   "fields": {
      "status_message_ar": "\u0639\u0644\u064a\u0643 \u062a\u0623\u0643\u064a\u062f \u0627\u0644\u0631\u063a\u0628\u0629 \u0641\u064a \u0627\ufefb\u0644\u062a\u062d\u0627\u0642 \u0628\u0627\u0644\u062c\u0627\u0645\u0639\u0629 \u0628\u0623\u0642\u0631\u0628 \u0648\u0642\u062a \u0645\u0645\u0643\u0646.",
      "status_message_en": "You have to confirm your desire to join KFUPM soon.",
      "status": 2
   }
},
{
   "model": "undergraduate_admission.agreement",
   "pk": 1,
   "fields": {
      "semester": 1,
      "agreement_type": "INITIAL",
      "agreement_header_ar": "\u0639\u0632\u064a\u0632\u064a \u0627\u0644\u0637\u0627\u0644\u0628\r\n\r\n\u0627\u0644\u0633\u0644\u0627\u0645 \u0639\u0644\u064a\u0643\u0645 \u0648\u0631\u062d\u0645\u0629 \u0627\u0644\u0644\u0647 \u0648\u0628\u0631\u0643\u0627\u062a\u0647\r\n\r\n\u064a\u0637\u064a\u0628 \u0644\u0639\u0645\u0627\u062f\u0629 \u0627\u0644\u0642\u0628\u0648\u0644 \u0648\u0627\u0644\u062a\u0633\u062c\u064a\u0644 \u0628\u062c\u0627\u0645\u0639\u0629 \u0627\u0644\u0645\u0644\u0643 \u0641\u0647\u062f \u0644\u0644\u0628\u062a\u0631\u0648\u0644 \u0648\u0627\u0644\u0645\u0639\u0627\u062f\u0646 \u0623\u0646 \u062a\u0647\u0646\u0626\u0643 \u0628\u062a\u062e\u0631\u062c\u0643 \u0645\u0646 \u0627\u0644\u0645\u0631\u062d\u0644\u0629 \u0627\u0644\u062b\u0627\u0646\u0648\u064a\u0629 \u0645\u062a\u0645\u0646\u064a\u0646 \u0644\u0643 \u062d\u064a\u0627\u0629 \u062f\u0631\u0627\u0633\u064a\u0629 \u0645\u0648\u0641\u0642\u0629 \u0641\u064a \u0627\u0644\u0645\u0631\u062d\u0644\u0629 \u0627\u0644\u062c\u0627\u0645\u0639\u064a\u0629. \u0648 \u0641\u064a \u062d\u0627\u0644 \u0643\u0627\u0646\u062a \u0644\u062f\u064a\u0643\u0645 \u0627\u0644\u0631\u063a\u0628\u0629 \u0641\u064a \u0627\u0644\u0625\u0644\u062a\u062d\u0627\u0642 \u0628\u062c\u0627\u0645\u0639\u0629 \u0627\u0644\u0645\u0644\u0643 \u0641\u0647\u062f \u0644\u0644\u0628\u062a\u0631\u0648\u0644 \u0648\u0627\u0644\u0645\u0639\u0627\u062f\u0646 \u0644\u0644\u0639\u0627\u0645 \u0627\u0644\u062f\u0631\u0627\u0633\u064a 1437 / 1438 \u0647\u0640 \u060c \u0646\u0623\u0645\u0644 \u0645\u0646\u0643\u0645 \u0627\u0644\u0625\u0637\u0644\u0627\u0639 \u0639\u0644\u0649 \u0627\u0644\u0646\u0642\u0627\u0637 \u0627\u0644\u062a\u0627\u0644\u064a\u0629:",
      "agreement_header_en": "Dear Student,\r\n\r\nAssalamu Alaikum\r\n\r\n \r\nDeanship of Admission and Registration at King Fahd University of Petroleum and Minerals congratulates you on the completion of High School and wish you a successful undergraduate students life. To enroll in the King Fahd University of Petroleum and Minerals for the academic year 1437/1438 H, the following points to be noted:",
      "agreement_footer_ar": "",
      "agreement_footer_en": ""
   }
},
{
   "model": "undergraduate_admission.agreement",
   "pk": 2,
   "fields": {
      "semester": 1,
      "agreement_type": "CONFIRM",
      "agreement_header_ar": "\u0639\u0632\u064a\u0632\u064a \u0627\u0644\u0637\u0627\u0644\u0628: \r\n\u0627\u0644\u0633\u0644\u0627\u0645 \u0639\u0644\u064a\u0643\u0645 \u0648\u0631\u062d\u0645\u0629 \u0627\u0644\u0644\u0647 \u0648\u0628\u0631\u0643\u0627\u062a\u0647 \r\n\u064a\u0637\u064a\u0628 \u0644\u0639\u0645\u0627\u062f\u0629 \u0627\u0644\u0642\u0628\u0648\u0644 \u0648\u0627\u0644\u062a\u0633\u062c\u064a\u0644 \u0628\u062c\u0627\u0645\u0639\u0629 \u0627\u0644\u0645\u0644\u0643 \u0641\u0647\u062f \u0644\u0644\u0628\u062a\u0631\u0648\u0644 \u0648\u0627\u0644\u0645\u0639\u0627\u062f\u0646 \u0623\u0646 \u062a\u0647\u0646\u0626\u0643 \u0628\u0627\u0644\u0642\u0628\u0648\u0644 \u0641\u064a \u0627\u0644\u062c\u0627\u0645\u0639\u0629 \u0644\u0644\u0639\u0627\u0645 \u0627\u0644\u062f\u0631\u0627\u0633\u064a 1436/1437\u0647\u0640 \u0645\u062a\u0645\u0646\u064a\u0646 \u0644\u0643 \u062d\u064a\u0627\u0629 \u062f\u0631\u0627\u0633\u064a\u0629 \u0645\u0648\u0641\u0642\u0629\u060c \u0648\u0646\u0648\u062f \u0623\u0646 \u0646\u0624\u0643\u062f \u0639\u0644\u0649 \u0623\u0647\u0645\u064a\u0629 \u0627\u0644\u0646\u0642\u0627\u0637 \u0627\u0644\u062a\u0627\u0644\u064a\u0629:",
      "agreement_header_en": "\u0639\u0632\u064a\u0632\u064a \u0627\u0644\u0637\u0627\u0644\u0628: \r\n\u0627\u0644\u0633\u0644\u0627\u0645 \u0639\u0644\u064a\u0643\u0645 \u0648\u0631\u062d\u0645\u0629 \u0627\u0644\u0644\u0647 \u0648\u0628\u0631\u0643\u0627\u062a\u0647 \r\n\u064a\u0637\u064a\u0628 \u0644\u0639\u0645\u0627\u062f\u0629 \u0627\u0644\u0642\u0628\u0648\u0644 \u0648\u0627\u0644\u062a\u0633\u062c\u064a\u0644 \u0628\u062c\u0627\u0645\u0639\u0629 \u0627\u0644\u0645\u0644\u0643 \u0641\u0647\u062f \u0644\u0644\u0628\u062a\u0631\u0648\u0644 \u0648\u0627\u0644\u0645\u0639\u0627\u062f\u0646 \u0623\u0646 \u062a\u0647\u0646\u0626\u0643 \u0628\u0627\u0644\u0642\u0628\u0648\u0644 \u0641\u064a \u0627\u0644\u062c\u0627\u0645\u0639\u0629 \u0644\u0644\u0639\u0627\u0645 \u0627\u0644\u062f\u0631\u0627\u0633\u064a 1436/1437\u0647\u0640 \u0645\u062a\u0645\u0646\u064a\u0646 \u0644\u0643 \u062d\u064a\u0627\u0629 \u062f\u0631\u0627\u0633\u064a\u0629 \u0645\u0648\u0641\u0642\u0629\u060c \u0648\u0646\u0648\u062f \u0623\u0646 \u0646\u0624\u0643\u062f \u0639\u0644\u0649 \u0623\u0647\u0645\u064a\u0629 \u0627\u0644\u0646\u0642\u0627\u0637 \u0627\u0644\u062a\u0627\u0644\u064a\u0629:",
      "agreement_footer_ar": "",
      "agreement_footer_en": ""
   }
},
{
   "model": "undergraduate_admission.agreementitem",
   "pk": 1,
   "fields": {
      "agreement": 1,
      "agreement_text_ar": "\u0627\u0644\u062a\u0623\u0643\u062f \u0645\u0646 \u062f\u0642\u0629 \u0648\u0635\u062d\u0629 \u062c\u0645\u064a\u0639 \u0627\u0644\u0628\u064a\u0627\u0646\u0627\u062a \u0627\u0644\u0645\u062f\u062e\u0644\u0629 \u0645\u0633\u0624\u0648\u0644\u064a\u0629 \u0627\u0644\u0637\u0627\u0644\u0628 \u0627\u0644\u0643\u0627\u0645\u0644\u0629.",
      "agreement_text_en": "You, the student, are fully responsible for the accuracy and validity of all of the information that you will provide in this application.",
      "show": true,
      "display_order": 1000
   }
},
{
   "model": "undergraduate_admission.agreementitem",
   "pk": 2,
   "fields": {
      "agreement": 1,
      "agreement_text_ar": "\u062a\u062d\u0635\u0644 \u0627\u062f\u0627\u0631\u0629 \u0627\u0644\u0642\u0628\u0648\u0644 \u0641\u064a \u0627\u0644\u062c\u0627\u0645\u0639\u0629 \u0645\u0628\u0627\u0634\u0631\u0629 \u0639\u0644\u0649 \u0646\u062a\u0627\u0626\u062c \u0627\u0644\u0637\u0627\u0644\u0628 \u0641\u064a \u0627\u0644\u062b\u0627\u0646\u0648\u064a\u0629 (\u0648\u0632\u0627\u0631\u0629 \u0627\u0644\u062a\u0639\u0644\u064a\u0645) \u0648 \u0627\u062e\u062a\u0628\u0627\u0631\u0627\u062a \u0627\u0644\u0642\u062f\u0631\u0627\u062a \u0648 \u0627\u0644\u062a\u062d\u0635\u064a\u0644\u064a (\u0627\u0644\u0645\u0631\u0643\u0632 \u0627\u0644\u0648\u0637\u0646\u064a \u0644\u0644\u0642\u064a\u0627\u0633 \u0648\u0627\u0644\u062a\u0642\u0648\u064a\u0645) .",
      "agreement_text_en": "Personal data must be entered with accuracy and confidentially.",
      "show": true,
      "display_order": 900
   }
},
{
   "model": "undergraduate_admission.agreementitem",
   "pk": 3,
   "fields": {
      "agreement": 1,
      "agreement_text_ar": "\u0627\u0644\u062a\u0642\u062f\u0645 \u0628\u0637\u0644\u0628 \u0625\u0644\u062a\u062d\u0627\u0642 \u0625\u0644\u0643\u062a\u0631\u0648\u0646\u064a \u062e\u0644\u0627\u0644 \u0627\u0644\u0641\u062a\u0631\u0629: \u0645\u0646 \u064a\u0648\u0645 \u0627\u0644\u0623\u062d\u062f 22 \u0634\u0639\u0628\u0627\u0646 1437\u0647\u0640 \u0627\u0644\u0645\u0648\u0627\u0641\u0642 29 \u0645\u0627\u064a\u0648 2016\u0645 \u0625\u0644\u0649 \u064a\u0648\u0645 \u0627\u0644\u062b\u0644\u0627\u062b\u0627\u0621 2 \u0631\u0645\u0636\u0627\u0646 1437\u0647\u0640 \u0627\u0644\u0645\u0648\u0627\u0641\u0642 7 \u064a\u0648\u0646\u064a\u0648 2016\u0645.",
      "agreement_text_en": "Admission office will receive students\u2019 scores directly from the Ministry of Education and the National Center for Assessment in Higher Education (Qiyas).",
      "show": true,
      "display_order": 800
   }
},
{
   "model": "undergraduate_admission.agreementitem",
   "pk": 4,
   "fields": {
      "agreement": 1,
      "agreement_text_ar": "\u062a\u0639\u0644\u0646 \u0646\u062a\u0627\u0626\u062c \u0627\u0644\u0645\u0631\u0634\u062d\u064a\u0646 \u0644\u0644\u0642\u0628\u0648\u0644 \u064a\u0648\u0645 \u0627\u0644\u0623\u0631\u0628\u0639\u0627\u0621 10 \u0631\u0645\u0636\u0627\u0646 1437\u0647\u0640 \u0627\u0644\u0645\u0648\u0627\u0641\u0642 15 \u064a\u0648\u0646\u064a\u0648 2016\u0645.",
      "agreement_text_en": "The registration period from Sunday, 29 May 2016 to Tuesday, 07 June 2016.",
      "show": true,
      "display_order": 700
   }
},
{
   "model": "undergraduate_admission.agreementitem",
   "pk": 5,
   "fields": {
      "agreement": 1,
      "agreement_text_ar": "\u064a\u0639\u062a\u0628\u0631 \u0627\u0644\u0645\u0648\u0642\u0639 \u0627\u0644\u0627\u0644\u0643\u062a\u0631\u0648\u0646\u064a \u0644\u0627\u062f\u0627\u0631\u0629 \u0627\u0644\u0642\u0628\u0648\u0644 \u0627\u0644\u0645\u0631\u062c\u0639 \u0627\u0644\u0631\u0626\u064a\u0633 \u0644\u0644\u0625\u0639\u0644\u0627\u0646 \u0639\u0646 \u062f\u0631\u062c\u0629 \u0627\u0644\u0642\u0628\u0648\u0644 \u0648 \u0627\u0644\u062a\u0639\u0644\u064a\u0645\u0627\u062a \u0627\u0644\u0645\u0633\u062a\u062c\u062f\u0629 \u0648 \u0628\u0630\u0644\u0643 \u062a\u0642\u0639 \u0639\u0644\u0649 \u0627\u0644\u0645\u062a\u0642\u062f\u0645 \u0645\u0633\u0624\u0648\u0644\u064a\u0629 \u0645\u062a\u0627\u0628\u0639\u0629 \u0627\u0644\u0645\u0648\u0642\u0639 \u0627\u0644\u0627\u0644\u0643\u062a\u0631\u0648\u0646\u064a.",
      "agreement_text_en": "Admission results will be announced on Wednesday 15 June 2016.",
      "show": true,
      "display_order": 600
   }
},
{
   "model": "undergraduate_admission.agreementitem",
   "pk": 6,
   "fields": {
      "agreement": 1,
      "agreement_text_ar": "\u062a\u0631\u0633\u0644 \u0646\u062a\u0627\u0626\u062c \u0627\u0644\u0642\u0628\u0648\u0644 \u0644\u0644\u0645\u062a\u0642\u062f\u0645\u064a\u0646 \u0639\u0644\u0649 \u0627\u0644\u062c\u0648\u0627\u0644 \u0627\u0644\u0645\u0633\u062c\u0644 \u0641\u064a \u0627\u0644\u0646\u0645\u0648\u0630\u062c \u0627\u0644\u0627\u0644\u0643\u062a\u0631\u0648\u0646\u064a.",
      "agreement_text_en": "Candidates will receive text message on their registered mobile number.",
      "show": true,
      "display_order": 500
   }
},
{
   "model": "undergraduate_admission.agreementitem",
   "pk": 7,
   "fields": {
      "agreement": 1,
      "agreement_text_ar": "\u0641\u064a \u062d\u0627\u0644 \u062a\u0645 \u0642\u0628\u0648\u0644 \u062a\u0631\u0634\u064a\u062d \u0627\u0644\u0637\u0627\u0644\u0628 \u0644\u0644\u062c\u0627\u0645\u0639\u0629 \u0648\u0644\u062f\u064a\u0647 \u0627\u0644\u0631\u063a\u0628\u0629 \u0627\u0644\u0643\u0627\u0645\u0644\u0629 \u0641\u064a \u0627\u0644\u062f\u0631\u0627\u0633\u0629 \u0628\u0647\u0627\u060c \u064a\u062c\u0628 \u0639\u0644\u064a\u0647 \u0623\u0646 \u064a\u0624\u0643\u062f \u0630\u0644\u0643 \u0648\u0623\u0646 \u064a\u0633\u062a\u0643\u0645\u0644 \u0627\u0644\u0628\u064a\u0627\u0646\u0627\u062a \u0627\u0644\u0644\u0627\u0632\u0645\u0629 \u0645\u0646 \u062e\u0644\u0627\u0644 \u0627\u0644\u0645\u0648\u0642\u0639 \u0627\u0644\u0625\u0644\u0643\u062a\u0631\u0648\u0646\u064a \u0644\u0625\u062f\u0627\u0631\u0629 \u0627\u0644\u0642\u0628\u0648\u0644 \u062e\u0644\u0627\u0644 \u0627\u0644\u0641\u062a\u0631\u0629 \u0645\u0646  \u064a\u0648\u0645 \u0627\u0644\u0623\u0631\u0628\u0639\u0627\u0621 10 \u0631\u0645\u0636\u0627\u0646 1437\u0647\u0640 \u0627\u0644\u0645\u0648\u0627\u0641\u0642 15 \u064a\u0648\u0646\u064a\u0648 2016\u0645 \u0625\u0644\u0649 \u064a\u0648\u0645 \u0627\u0644\u062e\u0645\u064a\u0633 18 \u0631\u0645\u0636\u0627\u0646 1437\u0647\u0640 \u0627\u0644\u0645\u0648\u0627\u0641\u0642 23 \u064a\u0648\u0646\u064a\u0648 2016\u0645.",
      "agreement_text_en": "Nominated applicants have to complete phase two of the online application and upload the required documents during the period of:\r\nWednesday, 15 June 2016 to Thursday, 23 June 2016.",
      "show": true,
      "display_order": 400
   }
},
{
   "model": "undergraduate_admission.agreementitem",
   "pk": 8,
   "fields": {
      "agreement": 1,
      "agreement_text_ar": "\u062d\u0636\u0648\u0631 \u0627\u0644\u0623\u0633\u0628\u0648\u0639 \u0627\u0644\u062a\u0639\u0631\u064a\u0641\u064a \u0625\u0644\u0632\u0627\u0645\u064a \u0639\u0644\u0649 \u062c\u0645\u064a\u0639 \u0627\u0644\u0637\u0644\u0627\u0628 (\u062d\u0633\u0628 \u0627\u0644\u0645\u0648\u0639\u062f \u0627\u0644\u0645\u062d\u062f\u062f \u0644\u0643\u0644 \u0637\u0627\u0644\u0628 \u0641\u064a \u062e\u0637\u0627\u0628 \u0627\u0644\u0642\u0628\u0648\u0644) \u062e\u0644\u0627\u0644 \u0627\u0644\u0641\u062a\u0631\u0629 \u0645\u0646 \u064a\u0648\u0645 \u0627\ufefb\u062b\u0646\u064a\u0646 19 \u0630\u0648\u0627\u0644\u0642\u0639\u062f\u0629 1437\u0647\u0640 \u0627\u0644\u0645\u0648\u0627\u0641\u0642 22 \u0627\u063a\u0633\u0637\u0633 2016\u0645 \u0625\u0644\u0649 \u064a\u0648\u0645 \u0627\u0644\u062e\u0645\u064a\u0633 22 \u0630\u0648\u0627\u0644\u0642\u0639\u062f\u0629 1437\u0647\u0640 \u0627\u0644\u0645\u0648\u0627\u0641\u0642 25 \u0627\u063a\u0633\u0637\u0633 2016\u0645.",
      "agreement_text_en": "Attending introductory session is mandatory for all accepted students (according to the schedule for each student in his acceptance letter) during the period from Monday 22 August 2016 to Thursday 25 August 2016.",
      "show": true,
      "display_order": 300
   }
},
{
   "model": "undergraduate_admission.agreementitem",
   "pk": 9,
   "fields": {
      "agreement": 2,
      "agreement_text_ar": "\u0627\u0644\u062a\u0623\u0643\u062f \u0645\u0646 \u062f\u0642\u0629 \u0648\u0635\u062d\u0629 \u062c\u0645\u064a\u0639 \u0627\u0644\u0628\u064a\u0627\u0646\u0627\u062a \u0627\u0644\u0645\u062f\u062e\u0644\u0629 \u062d\u064a\u062b \u0627\u0646 \u0630\u0644\u0643 \u064a\u0642\u0639 \u062a\u062d\u062a \u0645\u0633\u0624\u0648\u0644\u064a\u0629 \u0627\u0644\u0637\u0627\u0644\u0628 \u0627\u0644\u0643\u0627\u0645\u0644\u0629",
      "agreement_text_en": "\u0627\u0644\u062a\u0623\u0643\u062f \u0645\u0646 \u062f\u0642\u0629 \u0648\u0635\u062d\u0629 \u062c\u0645\u064a\u0639 \u0627\u0644\u0628\u064a\u0627\u0646\u0627\u062a \u0627\u0644\u0645\u062f\u062e\u0644\u0629 \u062d\u064a\u062b \u0627\u0646 \u0630\u0644\u0643 \u064a\u0642\u0639 \u062a\u062d\u062a \u0645\u0633\u0624\u0648\u0644\u064a\u0629 \u0627\u0644\u0637\u0627\u0644\u0628 \u0627\u0644\u0643\u0627\u0645\u0644\u0629",
      "show": true,
      "display_order": 1000
   }
},
{
   "model": "undergraduate_admission.agreementitem",
   "pk": 10,
   "fields": {
      "agreement": 2,
      "agreement_text_ar": "\u062a\u0623\u0643\u064a\u062f \u0627\u0644\u0631\u063a\u0628\u0629 \u0641\u064a \u0627\u0644\u0627\u0644\u062a\u062d\u0627\u0642 \u0628\u0627\u0644\u062c\u0627\u0645\u0639\u0629 \u0648\u0627\u0633\u062a\u0643\u0645\u0627\u0644 \u0627\u0644\u0628\u064a\u0627\u0646\u0627\u062a \u0648\u0631\u0641\u0639 \u0627\u0644\u0645\u0633\u062a\u0646\u062f\u0627\u062a \u0627\u0644\u0645\u0637\u0644\u0648\u0628\u0629 \u0648\u0637\u0628\u0627\u0639\u0629 \u062e\u0637\u0627\u0628 \u0627\u0644\u0642\u0628\u0648\u0644 \u0648\u0627\u0644\u0643\u0634\u0641 \u0627\u0644\u0637\u0628\u064a \u062e\u0644\u0627\u0644 \u0627\u0644\u0641\u062a\u0631\u0629 \u0645\u0646 \u064a\u0648\u0645 \u0627\u0644\u0623\u0631\u0628\u0639\u0627\u0621 10 \u0631\u0645\u0636\u0627\u0646 1437\u0647\u0640 \u0627\u0644\u0645\u0648\u0627\u0641\u0642 15 \u064a\u0648\u0646\u064a\u0648 2016\u0645 (12 \u0638\u0647\u0631\u0627\u064b) \u0625\u0644\u0649 \u064a\u0648\u0645 \u0627\u0644\u062e\u0645\u064a\u0633 18 \u0631\u0645\u0636\u0627\u0646 1437\u0647\u0640 \u0627\u0644\u0645\u0648\u0627\u0641\u0642 23 \u064a\u0648\u0646\u064a\u0648 2016\u0645 ( 9 \u0645\u0633\u0627\u0621\u0627\u064b )",
      "agreement_text_en": "\u062a\u0623\u0643\u064a\u062f \u0627\u0644\u0631\u063a\u0628\u0629 \u0641\u064a \u0627\u0644\u0627\u0644\u062a\u062d\u0627\u0642 \u0628\u0627\u0644\u062c\u0627\u0645\u0639\u0629 \u0648\u0627\u0633\u062a\u0643\u0645\u0627\u0644 \u0627\u0644\u0628\u064a\u0627\u0646\u0627\u062a \u0648\u0631\u0641\u0639 \u0627\u0644\u0645\u0633\u062a\u0646\u062f\u0627\u062a \u0627\u0644\u0645\u0637\u0644\u0648\u0628\u0629 \u0648\u0637\u0628\u0627\u0639\u0629 \u062e\u0637\u0627\u0628 \u0627\u0644\u0642\u0628\u0648\u0644 \u0648\u0627\u0644\u0643\u0634\u0641 \u0627\u0644\u0637\u0628\u064a \u062e\u0644\u0627\u0644 \u0627\u0644\u0641\u062a\u0631\u0629 \u0645\u0646 \u064a\u0648\u0645 \u0627\u0644\u0623\u0631\u0628\u0639\u0627\u0621 10 \u0631\u0645\u0636\u0627\u0646 1437\u0647\u0640 \u0627\u0644\u0645\u0648\u0627\u0641\u0642 15 \u064a\u0648\u0646\u064a\u0648 2016\u0645 (12 \u0638\u0647\u0631\u0627\u064b) \u0625\u0644\u0649 \u064a\u0648\u0645 \u0627\u0644\u062e\u0645\u064a\u0633 18 \u0631\u0645\u0636\u0627\u0646 1437\u0647\u0640 \u0627\u0644\u0645\u0648\u0627\u0641\u0642 23 \u064a\u0648\u0646\u064a\u0648 2016\u0645 ( 9 \u0645\u0633\u0627\u0621\u0627\u064b )",
      "show": true,
      "display_order": 900
   }
},
{
   "model": "undergraduate_admission.agreementitem",
   "pk": 11,
   "fields": {
      "agreement": 2,
      "agreement_text_ar": "\u0631\u0641\u0639 \u062c\u0645\u064a\u0639 \u0627\u0644\u0645\u0633\u062a\u0646\u062f\u0627\u062a \u0627\u0644\u0645\u0637\u0644\u0648\u0628\u0629 \u0628\u0635\u0648\u0631\u0629 \u0648\u0627\u0636\u062d\u0629 <ul><li>\u0635\u0648\u0631\u0629 \u0627\u0644\u0643\u0634\u0641 \u0627\u0644\u0623\u0635\u0644\u064a \u0644\u062f\u0631\u062c\u0627\u062a \u0627\u0644\u062b\u0627\u0646\u0648\u064a\u0629 \u0627\u0644\u0639\u0627\u0645\u0629 (\u0639\u0644\u0648\u0645 \u0637\u0628\u064a\u0639\u064a\u0629) </li><li>\u0623\u0648 \u0627\u0644\u0643\u0634\u0641 \u0627\u0644\u0623\u0635\u0644\u064a \u0644\u062f\u0631\u062c\u0627\u062a \u0627\u0644\u062b\u0627\u0646\u0648\u064a\u0629 \u0646\u0638\u0627\u0645 \u0627\u0644\u0645\u0642\u0631\u0631\u0627\u062a (\u0639\u0644\u0648\u0645 \u0637\u0628\u064a\u0639\u064a\u0629) + \u0634\u0647\u0627\u062f\u0629 \u0627\u062a\u0645\u0627\u0645 \u0627\u0644\u062f\u0631\u0627\u0633\u0629 </li><li>\u0635\u0648\u0631\u0629 \u062d\u062f\u064a\u062b\u0629 \u0645\u0644\u0648\u0646\u0629 \u0644\u0644\u0637\u0627\u0644\u0628 ( \u0628\u0627\u0644\u0632\u064a \u0627\u0644\u0633\u0639\u0648\u062f\u064a -- \u062e\u0644\u0641\u064a\u0629 \u0627\u0644\u0635\u0648\u0631\u0629 \u0628\u064a\u0636\u0627\u0621 -- \u0628\u062f\u0648\u0646 \u0646\u0638\u0627\u0631\u0629 )\u00a0\u0627\u0646\u0638\u0631 \u0627\u0644\u0645\u062b\u0627\u0644 </li><li>\u0644\u0644\u0637\u0644\u0627\u0628 \u0627\u0644\u0633\u0639\u0648\u062f\u064a\u064a\u0646: \u0635\u0648\u0631\u0629 \u0628\u0637\u0627\u0642\u0629 \u0627\u0644\u0647\u0648\u064a\u0629 \u0627\u0644\u0648\u0637\u0646\u064a\u0629 </li><li>\u0644\u0644\u0637\u0644\u0627\u0628 \u063a\u064a\u0631 \u0627\u0644\u0633\u0639\u0648\u062f\u064a\u064a\u0646 \u0648\u0645\u0646 \u0623\u0645\u0647\u0627\u062a \u0633\u0639\u0648\u062f\u064a\u0627\u062a:\u00a0<ul><li>\u0635\u0648\u0631\u0629 \u0625\u0642\u0627\u0645\u0629 \u0627\u0644\u0637\u0627\u0644\u0628 </li><li>\u0635\u0648\u0631\u0629 \u062c\u0648\u0627\u0632 \u0627\u0644\u0637\u0627\u0644\u0628 </li><li>\u0635\u0648\u0631\u0629 \u0627\u0644\u0647\u0648\u064a\u0629 \u0627\u0644\u0648\u0637\u0646\u064a\u0629 \u0644\u0648\u0627\u0644\u062f\u0629 \u0627\u0644\u0637\u0627\u0644\u0628 </li><li>\u0635\u0648\u0631\u0629 \u0634\u0647\u0627\u062f\u0629 \u0645\u064a\u0644\u0627\u062f \u0627\u0644\u0637\u0627\u0644\u0628\u00a0</li></ul></li></ul>\u0644\u0645\u0632\u064a\u062f \u0645\u0646 \u0627\u0644\u062a\u0641\u0627\u0635\u064a\u0644 \u0631\u0627\u062c\u0639 (\u0627\u0644\u0627\u062c\u0631\u0627\u0621\u0627\u062a \u0627\u0644\u0645\u0637\u0644\u0648\u0628\u0629 \u0641\u064a \u062d\u0627\u0644 \u0627\u0644\u0642\u0628\u0648\u0644 \u0641\u064a \u0627\u0644\u062c\u0627\u0645\u0639\u0629) \u060c \u0627\u0636\u063a\u0637 <a href=\"http://www.kfupm.edu.sa/departments/admissions/SitePages/ar/ContentDetailsPage.aspx?CUSTOMID=14%20&LinkID=GetNestedMenus308\" target=\"_blank\">\u0647\u0646\u0627</a>",
      "agreement_text_en": "\u0631\u0641\u0639 \u062c\u0645\u064a\u0639 \u0627\u0644\u0645\u0633\u062a\u0646\u062f\u0627\u062a \u0627\u0644\u0645\u0637\u0644\u0648\u0628\u0629 \u0628\u0635\u0648\u0631\u0629 \u0648\u0627\u0636\u062d\u0629 <ul><li>\u0635\u0648\u0631\u0629 \u0627\u0644\u0643\u0634\u0641 \u0627\u0644\u0623\u0635\u0644\u064a \u0644\u062f\u0631\u062c\u0627\u062a \u0627\u0644\u062b\u0627\u0646\u0648\u064a\u0629 \u0627\u0644\u0639\u0627\u0645\u0629 (\u0639\u0644\u0648\u0645 \u0637\u0628\u064a\u0639\u064a\u0629) </li><li>\u0623\u0648 \u0627\u0644\u0643\u0634\u0641 \u0627\u0644\u0623\u0635\u0644\u064a \u0644\u062f\u0631\u062c\u0627\u062a \u0627\u0644\u062b\u0627\u0646\u0648\u064a\u0629 \u0646\u0638\u0627\u0645 \u0627\u0644\u0645\u0642\u0631\u0631\u0627\u062a (\u0639\u0644\u0648\u0645 \u0637\u0628\u064a\u0639\u064a\u0629) + \u0634\u0647\u0627\u062f\u0629 \u0627\u062a\u0645\u0627\u0645 \u0627\u0644\u062f\u0631\u0627\u0633\u0629 </li><li>\u0635\u0648\u0631\u0629 \u062d\u062f\u064a\u062b\u0629 \u0645\u0644\u0648\u0646\u0629 \u0644\u0644\u0637\u0627\u0644\u0628 ( \u0628\u0627\u0644\u0632\u064a \u0627\u0644\u0633\u0639\u0648\u062f\u064a -- \u062e\u0644\u0641\u064a\u0629 \u0627\u0644\u0635\u0648\u0631\u0629 \u0628\u064a\u0636\u0627\u0621 -- \u0628\u062f\u0648\u0646 \u0646\u0638\u0627\u0631\u0629 ) \u0627\u0646\u0638\u0631 \u0627\u0644\u0645\u062b\u0627\u0644 </li><li>\u0644\u0644\u0637\u0644\u0627\u0628 \u0627\u0644\u0633\u0639\u0648\u062f\u064a\u064a\u0646: \u0635\u0648\u0631\u0629 \u0628\u0637\u0627\u0642\u0629 \u0627\u0644\u0647\u0648\u064a\u0629 \u0627\u0644\u0648\u0637\u0646\u064a\u0629 </li><li>\u0644\u0644\u0637\u0644\u0627\u0628 \u063a\u064a\u0631 \u0627\u0644\u0633\u0639\u0648\u062f\u064a\u064a\u0646 \u0648\u0645\u0646 \u0623\u0645\u0647\u0627\u062a \u0633\u0639\u0648\u062f\u064a\u0627\u062a: <ul><li>\u0635\u0648\u0631\u0629 \u0625\u0642\u0627\u0645\u0629 \u0627\u0644\u0637\u0627\u0644\u0628 </li><li>\u0635\u0648\u0631\u0629 \u062c\u0648\u0627\u0632 \u0627\u0644\u0637\u0627\u0644\u0628 </li><li>\u0635\u0648\u0631\u0629 \u0627\u0644\u0647\u0648\u064a\u0629 \u0627\u0644\u0648\u0637\u0646\u064a\u0629 \u0644\u0648\u0627\u0644\u062f\u0629 \u0627\u0644\u0637\u0627\u0644\u0628 </li><li>\u0635\u0648\u0631\u0629 \u0634\u0647\u0627\u062f\u0629 \u0645\u064a\u0644\u0627\u062f \u0627\u0644\u0637\u0627\u0644\u0628 </li></ul></li></ul>\u0644\u0645\u0632\u064a\u062f \u0645\u0646 \u0627\u0644\u062a\u0641\u0627\u0635\u064a\u0644 \u0631\u0627\u062c\u0639 (\u0627\u0644\u0627\u062c\u0631\u0627\u0621\u0627\u062a \u0627\u0644\u0645\u0637\u0644\u0648\u0628\u0629 \u0641\u064a \u062d\u0627\u0644 \u0627\u0644\u0642\u0628\u0648\u0644 \u0641\u064a \u0627\u0644\u062c\u0627\u0645\u0639\u0629) \u060c \u0627\u0636\u063a\u0637 <a href=\"http://www.kfupm.edu.sa/departments/admissions/SitePages/ar/ContentDetailsPage.aspx?CUSTOMID=14%20&LinkID=GetNestedMenus308\" target=\"_blank\">\u0647\u0646\u0627</a>",
      "show": true,
      "display_order": 800
   }
},
{
   "model": "undergraduate_admission.agreementitem",
   "pk": 12,
   "fields": {
      "agreement": 2,
      "agreement_text_ar": "\u064a\u0644\u063a\u0649 \u0642\u0628\u0648\u0644 \u0627\u0644\u0637\u0644\u0627\u0628 \u0627\u0644\u0630\u064a\u0646 \u062a\u0645 \u0625\u0628\u0644\u0627\u063a\u0647\u0645 \u0628\u0627\u0644\u0642\u0628\u0648\u0644 \u0648\u0644\u0645 \u064a\u0624\u0643\u062f\u0648\u0627 \u0627\u0644\u0631\u063a\u0628\u0629 \u0628\u0627\u0644\u0627\u0644\u062a\u062d\u0627\u0642 \u0628\u0627\u0644\u062c\u0627\u0645\u0639\u0629 \u0648\u0644\u0645 \u064a\u0631\u0641\u0639\u0648\u0627 \u0627\u0644\u0645\u0633\u062a\u0646\u062f\u0627\u062a \u0627\u0644\u0645\u0637\u0644\u0648\u0628\u0629 \u0641\u064a \u0627\u0644\u0645\u0648\u0639\u062f \u0627\u0644\u0645\u062d\u062f\u062f \u0644\u0647\u0645 \u0639\u0646\u062f \u0625\u0639\u0644\u0627\u0646 \u0627\u0644\u0646\u062a\u0627\u0626\u062c",
      "agreement_text_en": "\u064a\u0644\u063a\u0649 \u0642\u0628\u0648\u0644 \u0627\u0644\u0637\u0644\u0627\u0628 \u0627\u0644\u0630\u064a\u0646 \u062a\u0645 \u0625\u0628\u0644\u0627\u063a\u0647\u0645 \u0628\u0627\u0644\u0642\u0628\u0648\u0644 \u0648\u0644\u0645 \u064a\u0624\u0643\u062f\u0648\u0627 \u0627\u0644\u0631\u063a\u0628\u0629 \u0628\u0627\u0644\u0627\u0644\u062a\u062d\u0627\u0642 \u0628\u0627\u0644\u062c\u0627\u0645\u0639\u0629 \u0648\u0644\u0645 \u064a\u0631\u0641\u0639\u0648\u0627 \u0627\u0644\u0645\u0633\u062a\u0646\u062f\u0627\u062a \u0627\u0644\u0645\u0637\u0644\u0648\u0628\u0629 \u0641\u064a \u0627\u0644\u0645\u0648\u0639\u062f \u0627\u0644\u0645\u062d\u062f\u062f \u0644\u0647\u0645 \u0639\u0646\u062f \u0625\u0639\u0644\u0627\u0646 \u0627\u0644\u0646\u062a\u0627\u0626\u062c",
      "show": true,
      "display_order": 700
   }
},
{
   "model": "undergraduate_admission.agreementitem",
   "pk": 13,
   "fields": {
      "agreement": 2,
      "agreement_text_ar": "\u064a\u062d\u0642 \u0644\u0644\u062c\u0627\u0645\u0639\u0629 \u0627\u0644\u062a\u0648\u0627\u0635\u0644 \u0645\u0639 \u0648\u0627\u0644\u062f\u064a \u0645\u0628\u0627\u0634\u0631\u0629 (\u0641\u064a \u062d\u0627\u0644\u0629 \u0627\u0644\u0627\u062d\u062a\u064a\u0627\u062c \u0644\u0630\u0644\u0643) \u0648\u0628\u062f\u0648\u0646 \u0627\u0644\u0631\u062c\u0648\u0639 \u0625\u0644\u064a",
      "agreement_text_en": "\u064a\u062d\u0642 \u0644\u0644\u062c\u0627\u0645\u0639\u0629 \u0627\u0644\u062a\u0648\u0627\u0635\u0644 \u0645\u0639 \u0648\u0627\u0644\u062f\u064a \u0645\u0628\u0627\u0634\u0631\u0629 (\u0641\u064a \u062d\u0627\u0644\u0629 \u0627\u0644\u0627\u062d\u062a\u064a\u0627\u062c \u0644\u0630\u0644\u0643) \u0648\u0628\u062f\u0648\u0646 \u0627\u0644\u0631\u062c\u0648\u0639 \u0625\u0644\u064a",
      "show": true,
      "display_order": 600
   }
},
{
   "model": "undergraduate_admission.agreementitem",
   "pk": 14,
   "fields": {
      "agreement": 2,
      "agreement_text_ar": "\u0627\u0644\u0637\u0627\u0644\u0628 \u0627\u0644\u0630\u064a \u0644\u062f\u064a\u0647 \u0642\u0628\u0648\u0644 \u0641\u064a \u062c\u0627\u0645\u0639\u0629 \u0623\u0648 \u0643\u0644\u064a\u0629 \u0623\u062e\u0631\u0649\u060c \u0623\u0648 \u0633\u0628\u0642 \u0644\u0647 \u062a\u0623\u0643\u064a\u062f \u0631\u063a\u0628\u062a\u0647 \u0641\u064a \u0627\u0644\u0627\u0644\u062a\u062d\u0627\u0642 \u0628\u062c\u0627\u0645\u0639\u0629 \u0623\u062e\u0631\u0649\u060c \u0648\u064a\u0631\u063a\u0628 \u0641\u064a \u0627\u0644\u062f\u0627\u0631\u0633\u0629 \u0641\u064a \u062c\u0627\u0645\u0639\u0629 \u0627\u0644\u0645\u0644\u0643 \u0641\u0647\u062f \u0644\u0644\u0628\u062a\u0631\u0648\u0644 \u0648\u0627\u0644\u0645\u0639\u0627\u062f\u0646 \u060c \u0641\u064a\u0646\u0628\u063a\u064a \u0639\u0644\u064a\u0647 \u0627\u0644\u0627\u0646\u0633\u062d\u0627\u0628 \u0648\u0627\u0644\u062d\u0635\u0648\u0644 \u0639\u0644\u0649 \u0627\u062e\u0644\u0627\u0621 \u0637\u0631\u0641 \u0645\u0646 \u062a\u0644\u0643 \u0627\u0644\u062c\u0647\u0629 \u0648\u0627\u0631\u0633\u0627\u0644\u0647 \u0625\u0644\u0649 \u0627\u0644\u0628\u0631\u064a\u062f \u0627\u0644\u0627\u0644\u0643\u062a\u0631\u0648\u0646\u064a <a href=\"mailto:admissions@kfupm.edu.sa\">admissions@kfupm.edu.sa</a> \u060c \u0645\u0639 \u0636\u0631\u0648\u0631\u0629 \u0643\u062a\u0627\u0628\u0629 \u0627\u0633\u0645 \u0627\u0644\u0637\u0627\u0644\u0628 \u0648\u0631\u0642\u0645 \u0637\u0644\u0628 \u0627\u0644\u0627\u0644\u062a\u062d\u0627\u0642 \u0648\u0631\u0642\u0645 \u0627\u0644\u0647\u0648\u064a\u0629 \u0627\u0644\u0648\u0637\u0646\u064a\u0629 \u0641\u064a \u0646\u0641\u0633 \u0627\u0644\u0631\u0633\u0627\u0644\u0629",
      "agreement_text_en": "\u0627\u0644\u0637\u0627\u0644\u0628 \u0627\u0644\u0630\u064a \u0644\u062f\u064a\u0647 \u0642\u0628\u0648\u0644 \u0641\u064a \u062c\u0627\u0645\u0639\u0629 \u0623\u0648 \u0643\u0644\u064a\u0629 \u0623\u062e\u0631\u0649\u060c \u0623\u0648 \u0633\u0628\u0642 \u0644\u0647 \u062a\u0623\u0643\u064a\u062f \u0631\u063a\u0628\u062a\u0647 \u0641\u064a \u0627\u0644\u0627\u0644\u062a\u062d\u0627\u0642 \u0628\u062c\u0627\u0645\u0639\u0629 \u0623\u062e\u0631\u0649\u060c \u0648\u064a\u0631\u063a\u0628 \u0641\u064a \u0627\u0644\u062f\u0627\u0631\u0633\u0629 \u0641\u064a \u062c\u0627\u0645\u0639\u0629 \u0627\u0644\u0645\u0644\u0643 \u0641\u0647\u062f \u0644\u0644\u0628\u062a\u0631\u0648\u0644 \u0648\u0627\u0644\u0645\u0639\u0627\u062f\u0646 \u060c \u0641\u064a\u0646\u0628\u063a\u064a \u0639\u0644\u064a\u0647 \u0627\u0644\u0627\u0646\u0633\u062d\u0627\u0628 \u0648\u0627\u0644\u062d\u0635\u0648\u0644 \u0639\u0644\u0649 \u0627\u062e\u0644\u0627\u0621 \u0637\u0631\u0641 \u0645\u0646 \u062a\u0644\u0643 \u0627\u0644\u062c\u0647\u0629 \u0648\u0627\u0631\u0633\u0627\u0644\u0647 \u0625\u0644\u0649 \u0627\u0644\u0628\u0631\u064a\u062f \u0627\u0644\u0627\u0644\u0643\u062a\u0631\u0648\u0646\u064a <a href=\"mailto:admissions@kfupm.edu.sa\">admissions@kfupm.edu.sa</a> \u060c \u0645\u0639 \u0636\u0631\u0648\u0631\u0629 \u0643\u062a\u0627\u0628\u0629 \u0627\u0633\u0645 \u0627\u0644\u0637\u0627\u0644\u0628 \u0648\u0631\u0642\u0645 \u0637\u0644\u0628 \u0627\u0644\u0627\u0644\u062a\u062d\u0627\u0642 \u0648\u0631\u0642\u0645 \u0627\u0644\u0647\u0648\u064a\u0629 \u0627\u0644\u0648\u0637\u0646\u064a\u0629 \u0641\u064a \u0646\u0641\u0633 \u0627\u0644\u0631\u0633\u0627\u0644\u0629",
      "show": true,
      "display_order": 500
   }
},
{
   "model": "undergraduate_admission.agreementitem",
   "pk": 15,
   "fields": {
      "agreement": 2,
      "agreement_text_ar": "\u0623\u062a\u0639\u0647\u062f \u0628\u062d\u0636\u0648\u0631 \u0641\u0639\u0627\u0644\u064a\u0627\u062a \u0627\u0644\u0628\u0631\u0646\u0627\u0645\u062c \u0627\u0644\u062a\u0639\u0631\u064a\u0641\u064a \u0643\u0627\u0645\u0644\u0627\u064b \u0648\u0630\u0644\u0643 \u062d\u0633\u0628 \u0627\u0644\u0645\u0648\u0639\u062f \u0627\u0644\u0645\u062d\u062f\u062f \u0644\u064a \u0641\u064a \u062e\u0637\u0627\u0628 \u0627\u0644\u0642\u0628\u0648\u0644 \u062e\u0644\u0627\u0644 \u0627\u0644\u0641\u062a\u0631\u0629 \u0645\u0646 \u064a\u0648\u0645 \u0627\u0644\u062b\u0644\u0627\u062b\u0627\u0621 20 \u0630\u0648 \u0627\u0644\u0642\u0639\u062f\u0629 1437\u0647\u0640 \u0627\u0644\u0645\u0648\u0627\u0641\u0642 23 \u0627\u063a\u0633\u0637\u0633 2016\u0645 \u0625\u0644\u0649 \u0627\u0644\u062e\u0645\u064a\u0633 22 \u0630\u0648 \u0627\u0644\u0642\u0639\u062f\u0629 1437\u0647\u0640 \u0627\u0644\u0645\u0648\u0627\u0641\u0642 25 \u0627\u063a\u0633\u0637\u0633 2016\u0645 \u060c <span style=\"color:red\">(\u0639\u0644\u0645\u0627 \u0628\u0623\u0646 \u062d\u0636\u0648\u0631 \u062c\u0645\u064a\u0639 \u0641\u0639\u0627\u0644\u064a\u0627\u062a \u0627\u0644\u0628\u0631\u0646\u0627\u0645\u062c \u0627\u0644\u062a\u0639\u0631\u064a\u0641\u064a \u0625\u0644\u0632\u0627\u0645\u064a \u0639\u0644\u0649 \u062c\u0645\u064a\u0639 \u0627\u0644\u0637\u0644\u0627\u0628)</span>\u060c \u0648\u064a\u0644\u0632\u0645\u0646\u064a \u0639\u0646\u062f \u0627\u0644\u062d\u0636\u0648\u0631 \u0644\u0644\u062c\u0627\u0645\u0639\u0629:\r\n<ul><li>\u0627\u062d\u0636\u0627\u0631 \u062e\u0637\u0627\u0628 \u0627\u0644\u0642\u0628\u0648\u0644</li><li>\u0627\u062d\u0636\u0627\u0631 \u0627\u0644\u0643\u0634\u0641 \u0627\u0644\u0637\u0628\u064a</li><li>\u0635\u0648\u0631\u0629 \u0627\u0644\u0643\u0634\u0641 \u0627\u0644\u0623\u0635\u0644\u064a \u0644\u062f\u0631\u062c\u0627\u062a \u0627\u0644\u062b\u0627\u0646\u0648\u064a\u0629 \u0627\u0644\u0639\u0627\u0645\u0629 (\u0639\u0644\u0648\u0645 \u0637\u0628\u064a\u0639\u064a\u0629) \r\n\u0623\u0648 \u0635\u0648\u0631\u0629 \u0627\u0644\u0643\u0634\u0641 \u0627\u0644\u0623\u0635\u0644\u064a \u0644\u062f\u0631\u062c\u0627\u062a \u0627\u0644\u062b\u0627\u0646\u0648\u064a\u0629 \u0646\u0638\u0627\u0645 \u0627\u0644\u0645\u0642\u0631\u0631\u0627\u062a (\u0639\u0644\u0648\u0645 \u0637\u0628\u064a\u0639\u064a\u0629) + \u0635\u0648\u0631\u0629 \u0634\u0647\u0627\u062f\u0629 \u0627\u062a\u0645\u0627\u0645 \u0627\u0644\u062f\u0631\u0627\u0633\u0629</li><li> \u0635\u0648\u0631\u062a\u0627\u0646 \u062d\u062f\u064a\u062b\u062a\u0627\u0646 \u0645\u0644\u0648\u0646\u0629 \u0644\u0644\u0637\u0627\u0644\u0628 ( \u0628\u0627\u0644\u0632\u064a \u0627\u0644\u0633\u0639\u0648\u062f\u064a -- \u062e\u0644\u0641\u064a\u0629 \u0627\u0644\u0635\u0648\u0631\u0629 \u0628\u064a\u0636\u0627\u0621 -- \u0628\u062f\u0648\u0646 \u0646\u0638\u0627\u0631\u0629 )</li><li> \u0644\u0644\u0637\u0644\u0627\u0628 \u0627\u0644\u0633\u0639\u0648\u062f\u064a\u064a\u0646: \u0635\u0648\u0631\u0629 \u0628\u0637\u0627\u0642\u0629 \u0627\u0644\u0647\u0648\u064a\u0629 \u0627\u0644\u0648\u0637\u0646\u064a\u0629</li><li> \u0644\u0644\u0637\u0644\u0627\u0628 \u063a\u064a\u0631 \u0627\u0644\u0633\u0639\u0648\u062f\u064a\u064a\u0646 \u0648\u0645\u0646 \u0623\u0645\u0647\u0627\u062a \u0633\u0639\u0648\u062f\u064a\u0627\u062a:\r\n<ul><li>\u0623\u0635\u0644 \u0648 \u0635\u0648\u0631\u0629 \u0625\u0642\u0627\u0645\u0629 \u0627\u0644\u0637\u0627\u0644\u0628</li><li>\u0623\u0635\u0644 \u0648 \u0635\u0648\u0631\u0629 \u062c\u0648\u0627\u0632 \u0627\u0644\u0637\u0627\u0644\u0628</li><li>\u0623\u0635\u0644 \u0648 \u0635\u0648\u0631\u0629 \u0627\u0644\u0647\u0648\u064a\u0629 \u0627\u0644\u0648\u0637\u0646\u064a\u0629 \u0644\u0648\u0627\u0644\u062f\u0629 \u0627\u0644\u0637\u0627\u0644\u0628</li><li>\u0623\u0635\u0644 \u0648 \u0635\u0648\u0631\u0629 \u0634\u0647\u0627\u062f\u0629 \u0645\u064a\u0644\u0627\u062f \u0627\u0644\u0637\u0627\u0644\u0628</li></ul></li></ul>",
      "agreement_text_en": "\u0623\u062a\u0639\u0647\u062f \u0628\u062d\u0636\u0648\u0631 \u0641\u0639\u0627\u0644\u064a\u0627\u062a \u0627\u0644\u0628\u0631\u0646\u0627\u0645\u062c \u0627\u0644\u062a\u0639\u0631\u064a\u0641\u064a \u0643\u0627\u0645\u0644\u0627\u064b \u0648\u0630\u0644\u0643 \u062d\u0633\u0628 \u0627\u0644\u0645\u0648\u0639\u062f \u0627\u0644\u0645\u062d\u062f\u062f \u0644\u064a \u0641\u064a \u062e\u0637\u0627\u0628 \u0627\u0644\u0642\u0628\u0648\u0644 \u062e\u0644\u0627\u0644 \u0627\u0644\u0641\u062a\u0631\u0629 \u0645\u0646 \u064a\u0648\u0645 \u0627\u0644\u062b\u0644\u0627\u062b\u0627\u0621 20 \u0630\u0648 \u0627\u0644\u0642\u0639\u062f\u0629 1437\u0647\u0640 \u0627\u0644\u0645\u0648\u0627\u0641\u0642 23 \u0627\u063a\u0633\u0637\u0633 2016\u0645 \u0625\u0644\u0649 \u0627\u0644\u062e\u0645\u064a\u0633 22 \u0630\u0648 \u0627\u0644\u0642\u0639\u062f\u0629 1437\u0647\u0640 \u0627\u0644\u0645\u0648\u0627\u0641\u0642 25 \u0627\u063a\u0633\u0637\u0633 2016\u0645 \u060c <span style=\"color:red\">(\u0639\u0644\u0645\u0627 \u0628\u0623\u0646 \u062d\u0636\u0648\u0631 \u062c\u0645\u064a\u0639 \u0641\u0639\u0627\u0644\u064a\u0627\u062a \u0627\u0644\u0628\u0631\u0646\u0627\u0645\u062c \u0627\u0644\u062a\u0639\u0631\u064a\u0641\u064a \u0625\u0644\u0632\u0627\u0645\u064a \u0639\u0644\u0649 \u062c\u0645\u064a\u0639 \u0627\u0644\u0637\u0644\u0627\u0628)</span>\u060c \u0648\u064a\u0644\u0632\u0645\u0646\u064a \u0639\u0646\u062f \u0627\u0644\u062d\u0636\u0648\u0631 \u0644\u0644\u062c\u0627\u0645\u0639\u0629:\r\n<ul><li>\u0627\u062d\u0636\u0627\u0631 \u062e\u0637\u0627\u0628 \u0627\u0644\u0642\u0628\u0648\u0644</li><li>\u0627\u062d\u0636\u0627\u0631 \u0627\u0644\u0643\u0634\u0641 \u0627\u0644\u0637\u0628\u064a</li><li>\u0635\u0648\u0631\u0629 \u0627\u0644\u0643\u0634\u0641 \u0627\u0644\u0623\u0635\u0644\u064a \u0644\u062f\u0631\u062c\u0627\u062a \u0627\u0644\u062b\u0627\u0646\u0648\u064a\u0629 \u0627\u0644\u0639\u0627\u0645\u0629 (\u0639\u0644\u0648\u0645 \u0637\u0628\u064a\u0639\u064a\u0629) \r\n\u0623\u0648 \u0635\u0648\u0631\u0629 \u0627\u0644\u0643\u0634\u0641 \u0627\u0644\u0623\u0635\u0644\u064a \u0644\u062f\u0631\u062c\u0627\u062a \u0627\u0644\u062b\u0627\u0646\u0648\u064a\u0629 \u0646\u0638\u0627\u0645 \u0627\u0644\u0645\u0642\u0631\u0631\u0627\u062a (\u0639\u0644\u0648\u0645 \u0637\u0628\u064a\u0639\u064a\u0629) + \u0635\u0648\u0631\u0629 \u0634\u0647\u0627\u062f\u0629 \u0627\u062a\u0645\u0627\u0645 \u0627\u0644\u062f\u0631\u0627\u0633\u0629</li><li> \u0635\u0648\u0631\u062a\u0627\u0646 \u062d\u062f\u064a\u062b\u062a\u0627\u0646 \u0645\u0644\u0648\u0646\u0629 \u0644\u0644\u0637\u0627\u0644\u0628 ( \u0628\u0627\u0644\u0632\u064a \u0627\u0644\u0633\u0639\u0648\u062f\u064a -- \u062e\u0644\u0641\u064a\u0629 \u0627\u0644\u0635\u0648\u0631\u0629 \u0628\u064a\u0636\u0627\u0621 -- \u0628\u062f\u0648\u0646 \u0646\u0638\u0627\u0631\u0629 )</li><li> \u0644\u0644\u0637\u0644\u0627\u0628 \u0627\u0644\u0633\u0639\u0648\u062f\u064a\u064a\u0646: \u0635\u0648\u0631\u0629 \u0628\u0637\u0627\u0642\u0629 \u0627\u0644\u0647\u0648\u064a\u0629 \u0627\u0644\u0648\u0637\u0646\u064a\u0629</li><li> \u0644\u0644\u0637\u0644\u0627\u0628 \u063a\u064a\u0631 \u0627\u0644\u0633\u0639\u0648\u062f\u064a\u064a\u0646 \u0648\u0645\u0646 \u0623\u0645\u0647\u0627\u062a \u0633\u0639\u0648\u062f\u064a\u0627\u062a:\r\n<ul><li>\u0623\u0635\u0644 \u0648 \u0635\u0648\u0631\u0629 \u0625\u0642\u0627\u0645\u0629 \u0627\u0644\u0637\u0627\u0644\u0628</li><li>\u0623\u0635\u0644 \u0648 \u0635\u0648\u0631\u0629 \u062c\u0648\u0627\u0632 \u0627\u0644\u0637\u0627\u0644\u0628</li><li>\u0623\u0635\u0644 \u0648 \u0635\u0648\u0631\u0629 \u0627\u0644\u0647\u0648\u064a\u0629 \u0627\u0644\u0648\u0637\u0646\u064a\u0629 \u0644\u0648\u0627\u0644\u062f\u0629 \u0627\u0644\u0637\u0627\u0644\u0628</li><li>\u0623\u0635\u0644 \u0648 \u0635\u0648\u0631\u0629 \u0634\u0647\u0627\u062f\u0629 \u0645\u064a\u0644\u0627\u062f \u0627\u0644\u0637\u0627\u0644\u0628</li></ul></li></ul>",
      "show": true,
      "display_order": 300
   }
},
{
   "model": "undergraduate_admission.agreementitem",
   "pk": 16,
   "fields": {
      "agreement": 2,
      "agreement_text_ar": "\u0641\u0639\u0627\u0644\u064a\u0627\u062a \u0627\u0644\u0623\u0633\u0628\u0648\u0639 \u0627\u0644\u062a\u0639\u0631\u064a\u0641\u064a:\r\n<ul><li>\u0627\u062e\u062a\u0628\u0627\u0631 \u0645\u0633\u062a\u0648\u0649 \u0627\u0644\u0644\u063a\u0629 \u0627\u0644\u0627\u0646\u062c\u0644\u064a\u0632\u064a\u0629</li><li>\u062f\u0648\u0631\u0629 \u0627\u0644\u062a\u0647\u064a\u0624 \u0644\u0644\u062f\u0631\u0627\u0633\u0629 \u0648\u0627\u0644\u062d\u064a\u0627\u0629 \u0627\u0644\u062c\u0627\u0645\u0639\u064a\u0629</li><li>\u0627\u0646\u0647\u0627\u0621 \u0627\u0644\u0627\u062c\u0631\u0627\u0621\u0627\u062a \u0627\u0644\u0645\u062a\u0639\u0644\u0642\u0629 \u0628\u0627\u0633\u062a\u0644\u0627\u0645: <ul><li>\u0627\u0644\u062c\u062f\u0648\u0644 \u0627\u0644\u062f\u0631\u0627\u0633\u064a</li><li>\u0627\u0644\u0643\u062a\u0628 \u0627\u0644\u062f\u0631\u0627\u0633\u064a\u0629</li><li>\u0627\u0644\u0628\u0637\u0627\u0642\u0629 \u0627\u0644\u062c\u0627\u0645\u0639\u064a\u0629</li><li>\u0627\u0644\u0628\u0637\u0627\u0642\u0629 \u0627\u0644\u0628\u0646\u0643\u064a\u0629</li><li>\u0627\u0644\u0633\u0643\u0646 \u0627\u0644\u062c\u0627\u0645\u0639\u064a</li></ul></li></ul>",
      "agreement_text_en": "\u0641\u0639\u0627\u0644\u064a\u0627\u062a \u0627\u0644\u0623\u0633\u0628\u0648\u0639 \u0627\u0644\u062a\u0639\u0631\u064a\u0641\u064a:\r\n<ul><li>\u0627\u062e\u062a\u0628\u0627\u0631 \u0645\u0633\u062a\u0648\u0649 \u0627\u0644\u0644\u063a\u0629 \u0627\u0644\u0627\u0646\u062c\u0644\u064a\u0632\u064a\u0629</li><li>\u062f\u0648\u0631\u0629 \u0627\u0644\u062a\u0647\u064a\u0624 \u0644\u0644\u062f\u0631\u0627\u0633\u0629 \u0648\u0627\u0644\u062d\u064a\u0627\u0629 \u0627\u0644\u062c\u0627\u0645\u0639\u064a\u0629</li><li>\u0627\u0646\u0647\u0627\u0621 \u0627\u0644\u0627\u062c\u0631\u0627\u0621\u0627\u062a \u0627\u0644\u0645\u062a\u0639\u0644\u0642\u0629 \u0628\u0627\u0633\u062a\u0644\u0627\u0645: <ul><li>\u0627\u0644\u062c\u062f\u0648\u0644 \u0627\u0644\u062f\u0631\u0627\u0633\u064a</li><li>\u0627\u0644\u0643\u062a\u0628 \u0627\u0644\u062f\u0631\u0627\u0633\u064a\u0629</li><li>\u0627\u0644\u0628\u0637\u0627\u0642\u0629 \u0627\u0644\u062c\u0627\u0645\u0639\u064a\u0629</li><li>\u0627\u0644\u0628\u0637\u0627\u0642\u0629 \u0627\u0644\u0628\u0646\u0643\u064a\u0629</li><li>\u0627\u0644\u0633\u0643\u0646 \u0627\u0644\u062c\u0627\u0645\u0639\u064a</li></ul></li></ul>",
      "show": true,
      "display_order": 200
   }
},
{
   "model": "undergraduate_admission.lookup",
   "pk": 1,
   "fields": {
      "lookup_type": "HIGH_SCHOOL_TYPE",
      "lookup_value_ar": "\u062d\u0643\u0648\u0645\u064a\u0629",
      "lookup_value_en": "Public",
      "show": true,
      "display_order": 100
   }
},
{
   "model": "undergraduate_admission.lookup",
   "pk": 2,
   "fields": {
      "lookup_type": "HIGH_SCHOOL_TYPE",
      "lookup_value_ar": "\u0623\u0647\u0644\u064a\u0629",
      "lookup_value_en": "Private",
      "show": true,
      "display_order": 90
   }
},
{
   "model": "undergraduate_admission.lookup",
   "pk": 3,
   "fields": {
      "lookup_type": "HIGH_SCHOOL_TYPE",
      "lookup_value_ar": "\u0639\u0627\u0644\u0645\u064a\u0629",
      "lookup_value_en": "International",
      "show": true,
      "display_order": 70
   }
},
{
   "model": "undergraduate_admission.lookup",
   "pk": 4,
   "fields": {
      "lookup_type": "SOCIAL_STATUS",
      "lookup_value_ar": "\u0645\u062a\u0632\u0648\u062c",
      "lookup_value_en": "Married",
      "show": true,
      "display_order": 100
   }
},
{
   "model": "undergraduate_admission.lookup",
   "pk": 5,
   "fields": {
      "lookup_type": "SOCIAL_STATUS",
      "lookup_value_ar": "\u0623\u0639\u0632\u0628",
      "lookup_value_en": "Single",
      "show": true,
      "display_order": 80
   }
},
{
   "model": "undergraduate_admission.lookup",
   "pk": 7,
   "fields": {
      "lookup_type": "EMPLOYMENT_STATUS",
      "lookup_value_ar": "\u0645\u0648\u0638\u0641",
      "lookup_value_en": "Employed",
      "show": true,
      "display_order": 90
   }
},
{
   "model": "undergraduate_admission.lookup",
   "pk": 8,
   "fields": {
      "lookup_type": "EMPLOYMENT_STATUS",
      "lookup_value_ar": "\u063a\u064a\u0631 \u0645\u0648\u0638\u0641",
      "lookup_value_en": "Unemployed",
      "show": true,
      "display_order": 70
   }
},
{
   "model": "undergraduate_admission.lookup",
   "pk": 9,
   "fields": {
      "lookup_type": "DISABILITY",
      "lookup_value_ar": "\u0633\u0645\u0639\u064a\u0629",
      "lookup_value_en": "--",
      "show": true,
      "display_order": 100
   }
},
{
   "model": "undergraduate_admission.lookup",
   "pk": 10,
   "fields": {
      "lookup_type": "DISABILITY",
      "lookup_value_ar": "\u0628\u0635\u0631\u064a\u0629",
      "lookup_value_en": "--",
      "show": true,
      "display_order": 90
   }
},
{
   "model": "undergraduate_admission.lookup",
   "pk": 11,
   "fields": {
      "lookup_type": "DISABILITY",
      "lookup_value_ar": "\u062d\u0631\u0643\u064a\u0629",
      "lookup_value_en": "--",
      "show": true,
      "display_order": 80
   }
},
{
   "model": "undergraduate_admission.lookup",
   "pk": 12,
   "fields": {
      "lookup_type": "CHRONIC_DISEASES",
      "lookup_value_ar": "\u0623\u0645\u0631\u0627\u0636 \u0642\u0644\u0628",
      "lookup_value_en": "--",
      "show": true,
      "display_order": 100
   }
},
{
   "model": "undergraduate_admission.lookup",
   "pk": 13,
   "fields": {
      "lookup_type": "DISABILITY",
      "lookup_value_ar": "\ufefb \u064a\u0648\u062c\u062f",
      "lookup_value_en": "None",
      "show": true,
      "display_order": 110
   }
},
{
   "model": "undergraduate_admission.lookup",
   "pk": 14,
   "fields": {
      "lookup_type": "DISABILITY",
      "lookup_value_ar": "\u0623\u062e\u0631\u0649",
      "lookup_value_en": "Other",
      "show": true,
      "display_order": 60
   }
},
{
   "model": "undergraduate_admission.lookup",
   "pk": 15,
   "fields": {
      "lookup_type": "CHRONIC_DISEASES",
      "lookup_value_ar": "\u0635\u0631\u0639",
      "lookup_value_en": "--",
      "show": true,
      "display_order": 90
   }
},
{
   "model": "undergraduate_admission.lookup",
   "pk": 16,
   "fields": {
      "lookup_type": "PERSON_RELATION",
      "lookup_value_ar": "\u0623\u0628",
      "lookup_value_en": "Father",
      "show": true,
      "display_order": 1000
   }
},
{
   "model": "undergraduate_admission.lookup",
   "pk": 17,
   "fields": {
      "lookup_type": "PERSON_RELATION",
      "lookup_value_ar": "\u0623\u062e",
      "lookup_value_en": "--",
      "show": true,
      "display_order": 900
   }
},
{
   "model": "undergraduate_admission.lookup",
   "pk": 18,
   "fields": {
      "lookup_type": "PERSON_RELATION",
      "lookup_value_ar": "\u0639\u0645",
      "lookup_value_en": "--",
      "show": true,
      "display_order": 800
   }
},
{
   "model": "undergraduate_admission.lookup",
   "pk": 19,
   "fields": {
      "lookup_type": "PERSON_RELATION",
      "lookup_value_ar": "\u062e\u0627\u0644",
      "lookup_value_en": "--",
      "show": true,
      "display_order": 600
   }
},
{
   "model": "undergraduate_admission.lookup",
   "pk": 20,
   "fields": {
      "lookup_type": "PERSON_RELATION",
      "lookup_value_ar": "\u0627\u0628\u0646",
      "lookup_value_en": "--",
      "show": true,
      "display_order": 500
   }
}
]
